run_id,task_name,model,query_name,atscale_query_id,protocol,status,duration_ms,row_count,error,timestamp,inbound_text_hash,inbound_text
2026-04-04-9C37A93B30,ats_connection,ats_connection,Query 2,d8ab8953-c53d-42b7-a5f1-093d3e665b69,xmla,SUCCEEDED,862,0,,1775273801823,1a4502018c7ed3c9e5d6b84de08ea356a95155f58ca4d9e45068fa81874eadbd,"SELECT  FROM [Telemetry] WHERE ([Measures].[m_query_id_count]) CELL PROPERTIES VALUE, FORMAT_STRING, LANGUAGE, BACK_COLOR, FORE_COLOR, FONT_FLAGS"
2026-04-04-9C37A93B30,ats_connection,ats_connection,Query 1,84c01ed4-4618-478c-a729-6ee1daaba076,xmla,SUCCEEDED,875,0,,1775273801832,6f0d23f6922f60bdf40a32332a85315e7ff9ea9c223f03144bfa72e4394d1f74,"SELECT  FROM [Telemetry] WHERE ([Measures].[m_epoch_sql_wall_time_avg]) CELL PROPERTIES VALUE, FORMAT_STRING, LANGUAGE, BACK_COLOR, FORE_COLOR, FONT_FLAGS"
2026-04-04-9C37A93B30,ats_connection,ats_connection,Query 3,8c16f5c1-5ab1-4ea0-ab30-e91538fce10a,xmla,SUCCEEDED,962,0,,1775273801925,aeb076e9bb611215cf70f0d7f45b60dc1cc7282e43fa47fbcca4ec7493c2e604,"SELECT NON EMPTY Hierarchize(AddCalculatedMembers({DrilldownLevel({[Query_Hour].[Query_Hour Hierarchy].[All]})})) DIMENSION PROPERTIES PARENT_UNIQUE_NAME,HIERARCHY_UNIQUE_NAME ON COLUMNS  FROM [Telemetry] CELL PROPERTIES VALUE, FORMAT_STRING, LANGUAGE, BACK_COLOR, FORE_COLOR, FONT_FLAGS"
2026-04-04-9C37A93B30,ats_connection,ats_connection,Query 4,2d2fd9a1-d15a-4d37-a130-ebd3a22d6273,xmla,SUCCEEDED,973,0,,1775273801938,18664ce7e5bb6e24567041d4da49ee92b00157a204fcd065224bfefc218e3001,"SELECT NON EMPTY Hierarchize(AddCalculatedMembers({DrilldownLevel({[Query_Hour].[Query_Hour Hierarchy].[All]})})) DIMENSION PROPERTIES PARENT_UNIQUE_NAME,HIERARCHY_UNIQUE_NAME ON COLUMNS  FROM [Telemetry] WHERE ([Measures].[m_query_id_count]) CELL PROPERTIES VALUE, FORMAT_STRING, LANGUAGE, BACK_COLOR, FORE_COLOR, FONT_FLAGS"
2026-04-04-9C37A93B30,ats_connection,ats_connection,Query 5,8f328414-c09a-4d2d-b350-ea60413dc509,xmla,SUCCEEDED,973,0,,1775273801939,b0ba8fb3b2f85aeafb81b16e7df8ad649738a26a5ecb0ca08507de0326a39b1b,"SELECT NON EMPTY Hierarchize({DrilldownLevel({[Query_Hour].[Query_Hour Hierarchy].[All]},,,INCLUDE_CALC_MEMBERS)}) DIMENSION PROPERTIES PARENT_UNIQUE_NAME,HIERARCHY_UNIQUE_NAME ON COLUMNS  FROM [Telemetry] CELL PROPERTIES VALUE, FORMAT_STRING, LANGUAGE, BACK_COLOR, FORE_COLOR, FONT_FLAGS"
2026-04-04-9C37A93B30,ats_connection,ats_connection,Query 7,bc93e49d-15cb-4815-97b3-6aa7f5222ffe,xmla,SUCCEEDED,209,0,,1775273802047,b753465c2cfaa75bbe0defe8776eab15d17fcf45c26c6f5a3bce91d7c4108478,"SELECT {([Measures].[m_cube_name_distinct]),([Measures].[m_user_hash_distinct]),([Measures].[m_epoch_sql_wall_time_avg]),([Measures].[m_organization_id_distinct]),([Measures].[m_query_id_count])} ON 0 FROM [Telemetry] CELL PROPERTIES VALUE, FORMAT_STRING, LANGUAGE, BACK_COLOR, FORE_COLOR, FONT_FLAGS"
2026-04-04-9C37A93B30,ats_connection,ats_connection,Query 6,99e79219-242b-4982-a4d3-cd10522907d0,xmla,SUCCEEDED,218,0,,1775273802047,e7ca672e7bcbc02c8c761de5947e13b754b50948fa85146d94308d71cfa6cca2,"SELECT {([Measures].[cm_query_success_pct])} ON 0 FROM [Telemetry] CELL PROPERTIES VALUE, FORMAT_STRING, LANGUAGE, BACK_COLOR, FORE_COLOR, FONT_FLAGS"
2026-04-04-9C37A93B30,ats_connection,ats_connection,Query 8,8d6b393a-8568-484d-b322-5dfb00cf3a8d,xmla,SUCCEEDED,226,0,,1775273802156,861d8398b686473be1bd99590c5b7321c2719d86e5d9f2a96bd304c4dcf52c0f,"SELECT {([Measures].[m_epoch_estimated_post_plan_time_sum]),([Measures].[m_days_since_last_query_min]),([Measures].[m_epoch_post_plan_time_sum]),([Measures].[m_epoch_post_plan_time_avg]),([Measures].[m_epoch_estimated_post_plan_time_avg]),([Measures].[m_cube_name_distinct])} ON 0 FROM [Telemetry] CELL PROPERTIES VALUE, FORMAT_STRING, LANGUAGE, BACK_COLOR, FORE_COLOR, FONT_FLAGS"
2026-04-04-9C37A93B30,ats_connection,ats_connection,Query 12,32cab068-edce-45e5-9980-8c85f7dda88f,xmla,SUCCEEDED,178,0,,1775273802232,fae28d69ee1947b6189327044191df6457af0446f60d6abf9bc8b4158bd734ef,"SELECT {([Measures].[m_epoch_post_plan_time_sum]),([Measures].[m_epoch_post_plan_time_avg]),([Measures].[m_epoch_estimated_post_plan_time_avg]),([Measures].[m_days_since_last_query_min]),([Measures].[m_cube_name_distinct]),([Measures].[m_epoch_estimated_post_plan_time_sum])} ON 0 FROM [Telemetry] CELL PROPERTIES VALUE, FORMAT_STRING, LANGUAGE, BACK_COLOR, FORE_COLOR, FONT_FLAGS"
2026-04-04-9C37A93B30,ats_connection,ats_connection,Query 11,524bc819-4bc3-4959-92cc-030835668f6d,xmla,SUCCEEDED,205,0,,1775273802258,b7dbcac0575d3cd417422ead0b7423f4360f0267f6659cdbfa9b61bfb4c83b52,"SELECT {([Measures].[m_epoch_post_plan_time_sum]),([Measures].[m_epoch_estimated_post_plan_time_avg]),([Measures].[m_cube_name_distinct]),([Measures].[m_epoch_estimated_post_plan_time_sum]),([Measures].[m_days_since_last_query_min]),([Measures].[m_epoch_post_plan_time_avg])} ON 0 FROM [Telemetry] CELL PROPERTIES VALUE, FORMAT_STRING, LANGUAGE, BACK_COLOR, FORE_COLOR, FONT_FLAGS"
2026-04-04-9C37A93B30,ats_connection,ats_connection,Query 9,a5b85217-b666-4a39-8d80-60a7e19a2bf9,xmla,SUCCEEDED,404,0,,1775273802348,b17846b2040135bb4e485a3c0dec06c71110369825380b94c4fddb0946f756f7,"SELECT {([Measures].[m_epoch_estimated_post_plan_time_sum],[Query_Hour].[Query_Hour Hierarchy].[query_hour].&[2026-01-05T16:00:00]),([Measures].[m_succeeded_count_sum],[Query_Hour].[Query_Hour Hierarchy].[query_hour].&[2026-01-05T16:00:00]),([Measures].[m_subquery_count_sum],[Query_Hour].[Query_Hour Hierarchy].[query_hour].&[2026-01-05T16:00:00]),([Measures].[m_failed_count_sum],[Query_Hour].[Query_Hour Hierarchy].[query_hour].&[2026-01-05T16:00:00]),([Measures].[m_succeeded_count_sum],[Query_Hour].[Query_Hour Hierarchy].[query_hour].&[2026-01-05T18:00:00]),([Measures].[m_subquery_count_sum],[Query_Hour].[Query_Hour Hierarchy].[query_hour].&[2026-01-05T18:00:00]),([Measures].[m_failed_count_sum],[Query_Hour].[Query_Hour Hierarchy].[query_hour].&[2026-01-05T18:00:00]),([Measures].[m_epoch_estimated_post_plan_time_sum],[Query_Hour].[Query_Hour Hierarchy].[query_hour].&[2026-01-05T18:00:00]),([Measures].[m_succeeded_count_sum],[Query_Hour].[Query_Hour Hierarchy].[query_hour].&[2026-01-02T05:00:00]),([Measures].[m_subquery_count_sum],[Query_Hour].[Query_Hour Hierarchy].[query_hour].&[2026-01-02T05:00:00]),([Measures].[m_failed_count_sum],[Query_Hour].[Query_Hour Hierarchy].[query_hour].&[2026-01-02T05:00:00]),([Measures].[m_epoch_estimated_post_plan_time_sum],[Query_Hour].[Query_Hour Hierarchy].[query_hour].&[2026-01-02T04:00:00]),([Measures].[m_succeeded_count_sum],[Query_Hour].[Query_Hour Hierarchy].[query_hour].&[2026-01-02T04:00:00]),([Measures].[m_subquery_count_sum],[Query_Hour].[Query_Hour Hierarchy].[query_hour].&[2026-01-02T04:00:00]),([Measures].[m_failed_count_sum],[Query_Hour].[Query_Hour Hierarchy].[query_hour].&[2026-01-02T04:00:00]),([Measures].[m_succeeded_count_sum],[Query_Hour].[Query_Hour Hierarchy].[query_hour].&[2025-12-31T22:00:00]),([Measures].[m_subquery_count_sum],[Query_Hour].[Query_Hour Hierarchy].[query_hour].&[2025-12-31T22:00:00]),([Measures].[m_failed_count_sum],[Query_Hour].[Query_Hour Hierarchy].[query_hour].&[2025-12-31T22:00:00]),([Measures].[m_succeeded_count_sum],[Query_Hour].[Query_Hour Hierarchy].[query_hour].&[2025-12-31T21:00:00]),([Measures].[m_subquery_count_sum],[Query_Hour].[Query_Hour Hierarchy].[query_hour].&[2025-12-31T21:00:00]),([Measures].[m_succeeded_count_sum],[Query_Hour].[Query_Hour Hierarchy].[query_hour].&[2025-12-31T17:00:00]),([Measures].[m_failed_count_sum],[Query_Hour].[Query_Hour Hierarchy].[query_hour].&[2025-12-31T17:00:00]),([Measures].[m_succeeded_count_sum],[Query_Hour].[Query_Hour Hierarchy].[query_hour].&[2025-12-31T04:00:00]),([Measures].[m_failed_count_sum],[Query_Hour].[Query_Hour Hierarchy].[query_hour].&[2025-12-31T04:00:00]),([Measures].[m_succeeded_count_sum],[Query_Hour].[Query_Hour Hierarchy].[query_hour].&[2025-12-31T03:00:00]),([Measures].[m_subquery_count_sum],[Query_Hour].[Query_Hour Hierarchy].[query_hour].&[2025-12-31T03:00:00]),([Measures].[m_succeeded_count_sum],[Query_Hour].[Query_Hour Hierarchy].[query_hour].&[2025-12-30T22:00:00]),([Measures].[m_subquery_count_sum],[Query_Hour].[Query_Hour Hierarchy].[query_hour].&[2025-12-30T22:00:00]),([Measures].[m_failed_count_sum],[Query_Hour].[Query_Hour Hierarchy].[query_hour].&[2025-12-31T21:00:00]),([Measures].[m_failed_count_sum],[Query_Hour].[Query_Hour Hierarchy].[query_hour].&[2025-12-31T03:00:00]),([Measures].[m_epoch_estimated_post_plan_time_sum],[Query_Hour].[Query_Hour Hierarchy].[query_hour].&[2025-12-31T22:00:00]),([Measures].[m_subquery_count_sum],[Query_Hour].[Query_Hour Hierarchy].[query_hour].&[2025-12-31T17:00:00]),([Measures].[m_epoch_estimated_post_plan_time_sum],[Query_Hour].[Query_Hour Hierarchy].[query_hour].&[2025-12-31T04:00:00]),([Measures].[m_subquery_count_sum],[Query_Hour].[Query_Hour Hierarchy].[query_hour].&[2025-12-31T04:00:00]),([Measures].[m_failed_count_sum],[Query_Hour].[Query_Hour Hierarchy].[query_hour].&[2025-12-30T22:00:00]),([Measures].[m_epoch_estimated_post_plan_time_sum],[Query_Hour].[Query_Hour Hierarchy].[query_hour].&[2025-12-30T22:00:00]),([Measures].[m_epoch_estimated_post_plan_time_sum],[Query_Hour].[Query_Hour Hierarchy].[query_hour].&[2025-12-31T03:00:00]),([Measures].[m_epoch_estimated_post_plan_time_sum],[Query_Hour].[Query_Hour Hierarchy].[query_hour].&[2026-01-02T05:00:00]),([Measures].[m_epoch_estimated_post_plan_time_sum],[Query_Hour].[Query_Hour Hierarchy].[query_hour].&[2025-12-31T21:00:00]),([Measures].[m_epoch_estimated_post_plan_time_sum],[Query_Hour].[Query_Hour Hierarchy].[query_hour].&[2025-12-31T17:00:00])} ON 0 FROM [Telemetry] CELL PROPERTIES VALUE, FORMAT_STRING, LANGUAGE, BACK_COLOR, FORE_COLOR, FONT_FLAGS"
2026-04-04-9C37A93B30,ats_connection,ats_connection,Query 10,4833a3d3-64b2-40ed-8278-2706ee9c1c8b,xmla,SUCCEEDED,421,0,,1775273802368,b71715629a51f82d72ffc3cd21724f4c4fd4f6bf1e591e83204c051936b8c561,"SELECT {([Measures].[m_epoch_estimated_post_plan_time_sum],[Query_Hour].[Query_Hour Hierarchy].[query_hour].&[2026-01-05T18:00:00]),([Measures].[m_epoch_estimated_post_plan_time_sum],[Query_Hour].[Query_Hour Hierarchy].[query_hour].&[2026-01-02T05:00:00]),([Measures].[m_epoch_estimated_post_plan_time_sum],[Query_Hour].[Query_Hour Hierarchy].[query_hour].&[2025-12-31T22:00:00]),([Measures].[m_epoch_estimated_post_plan_time_sum],[Query_Hour].[Query_Hour Hierarchy].[query_hour].&[2025-12-31T17:00:00]),([Measures].[m_epoch_estimated_post_plan_time_sum],[Query_Hour].[Query_Hour Hierarchy].[query_hour].&[2025-12-31T03:00:00]),([Measures].[m_succeeded_count_sum],[Query_Hour].[Query_Hour Hierarchy].[query_hour].&[2026-01-05T18:00:00]),([Measures].[m_succeeded_count_sum],[Query_Hour].[Query_Hour Hierarchy].[query_hour].&[2026-01-02T05:00:00]),([Measures].[m_succeeded_count_sum],[Query_Hour].[Query_Hour Hierarchy].[query_hour].&[2025-12-31T22:00:00]),([Measures].[m_succeeded_count_sum],[Query_Hour].[Query_Hour Hierarchy].[query_hour].&[2025-12-31T17:00:00]),([Measures].[m_succeeded_count_sum],[Query_Hour].[Query_Hour Hierarchy].[query_hour].&[2025-12-31T03:00:00]),([Measures].[m_subquery_count_sum],[Query_Hour].[Query_Hour Hierarchy].[query_hour].&[2026-01-05T18:00:00]),([Measures].[m_subquery_count_sum],[Query_Hour].[Query_Hour Hierarchy].[query_hour].&[2026-01-02T05:00:00]),([Measures].[m_subquery_count_sum],[Query_Hour].[Query_Hour Hierarchy].[query_hour].&[2025-12-31T22:00:00]),([Measures].[m_subquery_count_sum],[Query_Hour].[Query_Hour Hierarchy].[query_hour].&[2025-12-31T17:00:00]),([Measures].[m_subquery_count_sum],[Query_Hour].[Query_Hour Hierarchy].[query_hour].&[2025-12-31T03:00:00]),([Measures].[m_failed_count_sum],[Query_Hour].[Query_Hour Hierarchy].[query_hour].&[2026-01-05T18:00:00]),([Measures].[m_failed_count_sum],[Query_Hour].[Query_Hour Hierarchy].[query_hour].&[2026-01-02T05:00:00]),([Measures].[m_failed_count_sum],[Query_Hour].[Query_Hour Hierarchy].[query_hour].&[2025-12-31T22:00:00]),([Measures].[m_failed_count_sum],[Query_Hour].[Query_Hour Hierarchy].[query_hour].&[2025-12-31T17:00:00]),([Measures].[m_failed_count_sum],[Query_Hour].[Query_Hour Hierarchy].[query_hour].&[2025-12-31T03:00:00]),([Measures].[m_epoch_estimated_post_plan_time_sum],[Query_Hour].[Query_Hour Hierarchy].[query_hour].&[2025-12-31T21:00:00]),([Measures].[m_succeeded_count_sum],[Query_Hour].[Query_Hour Hierarchy].[query_hour].&[2026-01-02T04:00:00]),([Measures].[m_succeeded_count_sum],[Query_Hour].[Query_Hour Hierarchy].[query_hour].&[2026-01-05T16:00:00]),([Measures].[m_succeeded_count_sum],[Query_Hour].[Query_Hour Hierarchy].[query_hour].&[2025-12-30T22:00:00]),([Measures].[m_succeeded_count_sum],[Query_Hour].[Query_Hour Hierarchy].[query_hour].&[2025-12-31T04:00:00]),([Measures].[m_succeeded_count_sum],[Query_Hour].[Query_Hour Hierarchy].[query_hour].&[2025-12-31T21:00:00]),([Measures].[m_subquery_count_sum],[Query_Hour].[Query_Hour Hierarchy].[query_hour].&[2025-12-31T04:00:00]),([Measures].[m_subquery_count_sum],[Query_Hour].[Query_Hour Hierarchy].[query_hour].&[2025-12-31T21:00:00]),([Measures].[m_subquery_count_sum],[Query_Hour].[Query_Hour Hierarchy].[query_hour].&[2026-01-02T04:00:00]),([Measures].[m_subquery_count_sum],[Query_Hour].[Query_Hour Hierarchy].[query_hour].&[2026-01-05T16:00:00]),([Measures].[m_subquery_count_sum],[Query_Hour].[Query_Hour Hierarchy].[query_hour].&[2025-12-30T22:00:00]),([Measures].[m_failed_count_sum],[Query_Hour].[Query_Hour Hierarchy].[query_hour].&[2026-01-02T04:00:00]),([Measures].[m_failed_count_sum],[Query_Hour].[Query_Hour Hierarchy].[query_hour].&[2026-01-05T16:00:00]),([Measures].[m_failed_count_sum],[Query_Hour].[Query_Hour Hierarchy].[query_hour].&[2025-12-30T22:00:00]),([Measures].[m_failed_count_sum],[Query_Hour].[Query_Hour Hierarchy].[query_hour].&[2025-12-31T04:00:00]),([Measures].[m_failed_count_sum],[Query_Hour].[Query_Hour Hierarchy].[query_hour].&[2025-12-31T21:00:00]),([Measures].[m_epoch_estimated_post_plan_time_sum],[Query_Hour].[Query_Hour Hierarchy].[query_hour].&[2026-01-05T16:00:00]),([Measures].[m_epoch_estimated_post_plan_time_sum],[Query_Hour].[Query_Hour Hierarchy].[query_hour].&[2025-12-31T04:00:00]),([Measures].[m_epoch_estimated_post_plan_time_sum],[Query_Hour].[Query_Hour Hierarchy].[query_hour].&[2025-12-30T22:00:00]),([Measures].[m_epoch_estimated_post_plan_time_sum],[Query_Hour].[Query_Hour Hierarchy].[query_hour].&[2026-01-02T04:00:00])} ON 0 FROM [Telemetry] CELL PROPERTIES VALUE, FORMAT_STRING, LANGUAGE, BACK_COLOR, FORE_COLOR, FONT_FLAGS"
2026-04-04-9C37A93B30,ats_connection,ats_connection,Query 13,33c3bb8d-ad0a-4130-8501-dc8f9796a8a4,xmla,SUCCEEDED,231,0,,1775273802393,3b7ed1394fb14a3af5b7f068093bcb965ec4991ca9e314fb9717724ae1be692f,"SELECT {([Measures].[m_epoch_post_plan_time_sum]),([Measures].[m_epoch_post_plan_time_avg]),([Measures].[m_epoch_estimated_post_plan_time_avg]),([Measures].[m_days_since_last_query_min]),([Measures].[m_epoch_estimated_post_plan_time_sum]),([Measures].[m_cube_name_distinct])} ON 0 FROM [Telemetry] CELL PROPERTIES VALUE, FORMAT_STRING, LANGUAGE, BACK_COLOR, FORE_COLOR, FONT_FLAGS"
2026-04-04-9C37A93B30,ats_connection,ats_connection,Query 14,be69407f-ab94-425e-aab7-d30ba831c26e,xmla,SUCCEEDED,178,0,,1775273802416,e0edabb78fbb1d4e4633fb0f662acc726315620690f12e70a8ae7686012d3cfa,"SELECT {([Measures].[m_epoch_sql_wall_time_avg]),([Measures].[m_organization_id_distinct]),([Measures].[m_query_id_count]),([Measures].[m_cube_name_distinct]),([Measures].[m_user_hash_distinct])} ON 0 FROM [Telemetry] CELL PROPERTIES VALUE, FORMAT_STRING, LANGUAGE, BACK_COLOR, FORE_COLOR, FONT_FLAGS"
2026-04-04-9C37A93B30,ats_connection,ats_connection,Query 16,f85bc9d3-3b87-4910-b463-c3d2f0c513a2,xmla,SUCCEEDED,183,0,,1775273802536,491f378ffacebd4512a48ecba00f4c050922cb95d4d58711c51653e4f9c3b8b5,"SELECT {([Measures].[m_epoch_sql_wall_time_avg]),([Measures].[m_organization_id_distinct]),([Measures].[m_query_id_count]),([Measures].[m_user_hash_distinct]),([Measures].[m_cube_name_distinct])} ON 0 FROM [Telemetry] CELL PROPERTIES VALUE, FORMAT_STRING, LANGUAGE, BACK_COLOR, FORE_COLOR, FONT_FLAGS"
2026-04-04-9C37A93B30,ats_connection,ats_connection,Query 15,c898b165-4de2-4999-b488-a6a30665c6ba,xmla,SUCCEEDED,305,0,,1775273802569,42df82177f93b79d67115fdcb80c4883a5ae7c69446f42ec0b11ab309887a0a2,"SELECT {([Measures].[m_epoch_sql_wall_time_avg]),([Measures].[m_organization_id_distinct]),([Measures].[m_query_id_count]),([Measures].[m_user_hash_distinct]),([Measures].[cm_query_success_pct]),([Measures].[m_cube_name_distinct])} ON 0 FROM [Telemetry] CELL PROPERTIES VALUE, FORMAT_STRING, LANGUAGE, BACK_COLOR, FORE_COLOR, FONT_FLAGS"
2026-04-04-9C37A93B30,ats_connection,ats_connection,Query 18,f614c5b8-4897-4fc3-a780-e8c0106bf020,xmla,SUCCEEDED,271,0,,1775273802670,a3475e3d9564eaf0675b1371e62e718645b6af50d70c6c14068cacc15a112c7e,"SELECT {([Measures].[m_epoch_sql_wall_time_avg],[Query_Hour].[Query_Hour Hierarchy].[query_hour].&[2026-01-02T05:00:00]),([Measures].[m_epoch_sql_wall_time_avg],[Query_Hour].[Query_Hour Hierarchy].[query_hour].&[2025-12-31T21:00:00]),([Measures].[m_epoch_sql_wall_time_avg],[Query_Hour].[Query_Hour Hierarchy].[query_hour].&[2026-01-05T18:00:00]),([Measures].[m_subquery_count_sum],[Query_Hour].[Query_Hour Hierarchy].[query_hour].&[2025-12-31T17:00:00]),([Measures].[m_subquery_count_sum],[Query_Hour].[Query_Hour Hierarchy].[query_hour].&[2025-12-31T04:00:00]),([Measures].[m_subquery_count_sum],[Query_Hour].[Query_Hour Hierarchy].[query_hour].&[2025-12-31T03:00:00]),([Measures].[m_subquery_count_sum],[Query_Hour].[Query_Hour Hierarchy].[query_hour].&[2025-12-30T22:00:00]),([Measures].[m_epoch_sql_wall_time_avg],[Query_Hour].[Query_Hour Hierarchy].[query_hour].&[2026-01-05T16:00:00]),([Measures].[m_subquery_count_sum],[Query_Hour].[Query_Hour Hierarchy].[query_hour].&[2026-01-05T16:00:00]),([Measures].[m_subquery_count_sum],[Query_Hour].[Query_Hour Hierarchy].[query_hour].&[2026-01-02T05:00:00]),([Measures].[m_subquery_count_sum],[Query_Hour].[Query_Hour Hierarchy].[query_hour].&[2026-01-02T04:00:00]),([Measures].[m_subquery_count_sum],[Query_Hour].[Query_Hour Hierarchy].[query_hour].&[2025-12-31T22:00:00]),([Measures].[m_subquery_count_sum],[Query_Hour].[Query_Hour Hierarchy].[query_hour].&[2025-12-31T21:00:00]),([Measures].[m_epoch_sql_wall_time_avg],[Query_Hour].[Query_Hour Hierarchy].[query_hour].&[2025-12-31T17:00:00]),([Measures].[m_epoch_sql_wall_time_avg],[Query_Hour].[Query_Hour Hierarchy].[query_hour].&[2025-12-31T04:00:00]),([Measures].[m_epoch_sql_wall_time_avg],[Query_Hour].[Query_Hour Hierarchy].[query_hour].&[2025-12-30T22:00:00]),([Measures].[m_subquery_count_sum],[Query_Hour].[Query_Hour Hierarchy].[query_hour].&[2026-01-05T18:00:00]),([Measures].[m_epoch_sql_wall_time_avg],[Query_Hour].[Query_Hour Hierarchy].[query_hour].&[2026-01-02T04:00:00]),([Measures].[m_epoch_sql_wall_time_avg],[Query_Hour].[Query_Hour Hierarchy].[query_hour].&[2025-12-31T22:00:00]),([Measures].[m_epoch_sql_wall_time_avg],[Query_Hour].[Query_Hour Hierarchy].[query_hour].&[2025-12-31T03:00:00])} ON 0 FROM [Telemetry] CELL PROPERTIES VALUE, FORMAT_STRING, LANGUAGE, BACK_COLOR, FORE_COLOR, FONT_FLAGS"
2026-04-04-9C37A93B30,ats_connection,ats_connection,Query 17,23790587-928d-419a-bbf7-f6b1426cda86,xmla,SUCCEEDED,297,0,,1775273802670,1f72824bc884c55574c3d8791ce8477fd165a6b78ea928f1c88eef4eec53b374,"SELECT {([Measures].[m_epoch_sql_wall_time_avg],[Query_Hour].[Query_Hour Hierarchy].[query_hour].&[2025-12-31T21:00:00]),([Measures].[m_epoch_sql_wall_time_avg],[Query_Hour].[Query_Hour Hierarchy].[query_hour].&[2026-01-05T18:00:00]),([Measures].[m_subquery_count_sum],[Query_Hour].[Query_Hour Hierarchy].[query_hour].&[2025-12-31T17:00:00]),([Measures].[m_subquery_count_sum],[Query_Hour].[Query_Hour Hierarchy].[query_hour].&[2025-12-31T04:00:00]),([Measures].[m_subquery_count_sum],[Query_Hour].[Query_Hour Hierarchy].[query_hour].&[2025-12-31T03:00:00]),([Measures].[m_subquery_count_sum],[Query_Hour].[Query_Hour Hierarchy].[query_hour].&[2025-12-30T22:00:00]),([Measures].[m_epoch_sql_wall_time_avg],[Query_Hour].[Query_Hour Hierarchy].[query_hour].&[2026-01-05T16:00:00]),([Measures].[m_epoch_sql_wall_time_avg],[Query_Hour].[Query_Hour Hierarchy].[query_hour].&[2026-01-02T04:00:00]),([Measures].[m_epoch_sql_wall_time_avg],[Query_Hour].[Query_Hour Hierarchy].[query_hour].&[2025-12-31T22:00:00]),([Measures].[m_subquery_count_sum],[Query_Hour].[Query_Hour Hierarchy].[query_hour].&[2026-01-05T18:00:00]),([Measures].[m_subquery_count_sum],[Query_Hour].[Query_Hour Hierarchy].[query_hour].&[2026-01-05T16:00:00]),([Measures].[m_subquery_count_sum],[Query_Hour].[Query_Hour Hierarchy].[query_hour].&[2026-01-02T05:00:00]),([Measures].[m_subquery_count_sum],[Query_Hour].[Query_Hour Hierarchy].[query_hour].&[2026-01-02T04:00:00]),([Measures].[m_subquery_count_sum],[Query_Hour].[Query_Hour Hierarchy].[query_hour].&[2025-12-31T22:00:00]),([Measures].[m_subquery_count_sum],[Query_Hour].[Query_Hour Hierarchy].[query_hour].&[2025-12-31T21:00:00]),([Measures].[m_epoch_sql_wall_time_avg],[Query_Hour].[Query_Hour Hierarchy].[query_hour].&[2025-12-31T17:00:00]),([Measures].[m_epoch_sql_wall_time_avg],[Query_Hour].[Query_Hour Hierarchy].[query_hour].&[2025-12-31T03:00:00]),([Measures].[m_epoch_sql_wall_time_avg],[Query_Hour].[Query_Hour Hierarchy].[query_hour].&[2025-12-30T22:00:00]),([Measures].[m_epoch_sql_wall_time_avg],[Query_Hour].[Query_Hour Hierarchy].[query_hour].&[2026-01-02T05:00:00]),([Measures].[m_epoch_sql_wall_time_avg],[Query_Hour].[Query_Hour Hierarchy].[query_hour].&[2025-12-31T04:00:00])} ON 0 FROM [Telemetry] CELL PROPERTIES VALUE, FORMAT_STRING, LANGUAGE, BACK_COLOR, FORE_COLOR, FONT_FLAGS"
2026-04-04-9C37A93B30,ats_connection,ats_connection,Query 19,b87f318c-35a3-42b1-8af9-ae5c21dcd901,xmla,SUCCEEDED,279,0,,1775273802701,dc50c8a1db08f76aed5752414c8f7cc0cfdc9e3e6f38381183f41bc1afd55eea,"SELECT {([Measures].[m_epoch_sql_wall_time_avg],[Query_Hour].[Query_Hour Hierarchy].[query_hour].&[2026-01-05T16:00:00]),([Measures].[m_epoch_sql_wall_time_avg],[Query_Hour].[Query_Hour Hierarchy].[query_hour].&[2025-12-31T22:00:00]),([Measures].[m_epoch_sql_wall_time_avg],[Query_Hour].[Query_Hour Hierarchy].[query_hour].&[2025-12-31T04:00:00]),([Measures].[m_epoch_sql_wall_time_avg],[Query_Hour].[Query_Hour Hierarchy].[query_hour].&[2025-12-30T22:00:00]),([Measures].[m_epoch_sql_wall_time_avg],[Query_Hour].[Query_Hour Hierarchy].[query_hour].&[2026-01-05T18:00:00]),([Measures].[m_subquery_count_sum],[Query_Hour].[Query_Hour Hierarchy].[query_hour].&[2026-01-02T05:00:00]),([Measures].[m_subquery_count_sum],[Query_Hour].[Query_Hour Hierarchy].[query_hour].&[2026-01-02T04:00:00]),([Measures].[m_subquery_count_sum],[Query_Hour].[Query_Hour Hierarchy].[query_hour].&[2025-12-31T17:00:00]),([Measures].[m_subquery_count_sum],[Query_Hour].[Query_Hour Hierarchy].[query_hour].&[2025-12-31T04:00:00]),([Measures].[m_subquery_count_sum],[Query_Hour].[Query_Hour Hierarchy].[query_hour].&[2025-12-31T03:00:00]),([Measures].[m_subquery_count_sum],[Query_Hour].[Query_Hour Hierarchy].[query_hour].&[2025-12-30T22:00:00]),([Measures].[m_subquery_count_sum],[Query_Hour].[Query_Hour Hierarchy].[query_hour].&[2026-01-05T16:00:00]),([Measures].[m_subquery_count_sum],[Query_Hour].[Query_Hour Hierarchy].[query_hour].&[2025-12-31T22:00:00]),([Measures].[m_subquery_count_sum],[Query_Hour].[Query_Hour Hierarchy].[query_hour].&[2025-12-31T21:00:00]),([Measures].[m_subquery_count_sum],[Query_Hour].[Query_Hour Hierarchy].[query_hour].&[2026-01-05T18:00:00]),([Measures].[m_epoch_sql_wall_time_avg],[Query_Hour].[Query_Hour Hierarchy].[query_hour].&[2026-01-02T05:00:00]),([Measures].[m_epoch_sql_wall_time_avg],[Query_Hour].[Query_Hour Hierarchy].[query_hour].&[2026-01-02T04:00:00]),([Measures].[m_epoch_sql_wall_time_avg],[Query_Hour].[Query_Hour Hierarchy].[query_hour].&[2025-12-31T21:00:00]),([Measures].[m_epoch_sql_wall_time_avg],[Query_Hour].[Query_Hour Hierarchy].[query_hour].&[2025-12-31T17:00:00]),([Measures].[m_epoch_sql_wall_time_avg],[Query_Hour].[Query_Hour Hierarchy].[query_hour].&[2025-12-31T03:00:00])} ON 0 FROM [Telemetry] CELL PROPERTIES VALUE, FORMAT_STRING, LANGUAGE, BACK_COLOR, FORE_COLOR, FONT_FLAGS"
2026-04-04-9C37A93B30,ats_connection,ats_connection,Query 20,c3a177e2-9396-4f37-9299-b213b88229a3,xmla,SUCCEEDED,229,0,,1775273802770,cdaa0566cfbe4621abb150a00e1a817903359d099c8f81c40caaad72168f2d7e,"SELECT {([Measures].[m_epoch_sql_wall_time_avg],[Query_Hour].[Query_Hour Hierarchy].[query_hour].&[2026-01-05T16:00:00]),([Measures].[m_epoch_sql_wall_time_avg],[Query_Hour].[Query_Hour Hierarchy].[query_hour].&[2026-01-02T05:00:00]),([Measures].[m_epoch_sql_wall_time_avg],[Query_Hour].[Query_Hour Hierarchy].[query_hour].&[2026-01-02T04:00:00]),([Measures].[m_epoch_sql_wall_time_avg],[Query_Hour].[Query_Hour Hierarchy].[query_hour].&[2025-12-31T22:00:00]),([Measures].[m_epoch_sql_wall_time_avg],[Query_Hour].[Query_Hour Hierarchy].[query_hour].&[2025-12-31T21:00:00]),([Measures].[m_epoch_sql_wall_time_avg],[Query_Hour].[Query_Hour Hierarchy].[query_hour].&[2026-01-05T18:00:00]),([Measures].[m_subquery_count_sum],[Query_Hour].[Query_Hour Hierarchy].[query_hour].&[2025-12-31T17:00:00]),([Measures].[m_subquery_count_sum],[Query_Hour].[Query_Hour Hierarchy].[query_hour].&[2025-12-31T04:00:00]),([Measures].[m_subquery_count_sum],[Query_Hour].[Query_Hour Hierarchy].[query_hour].&[2025-12-31T03:00:00]),([Measures].[m_subquery_count_sum],[Query_Hour].[Query_Hour Hierarchy].[query_hour].&[2025-12-30T22:00:00]),([Measures].[m_subquery_count_sum],[Query_Hour].[Query_Hour Hierarchy].[query_hour].&[2026-01-05T18:00:00]),([Measures].[m_subquery_count_sum],[Query_Hour].[Query_Hour Hierarchy].[query_hour].&[2026-01-05T16:00:00]),([Measures].[m_subquery_count_sum],[Query_Hour].[Query_Hour Hierarchy].[query_hour].&[2026-01-02T05:00:00]),([Measures].[m_subquery_count_sum],[Query_Hour].[Query_Hour Hierarchy].[query_hour].&[2026-01-02T04:00:00]),([Measures].[m_subquery_count_sum],[Query_Hour].[Query_Hour Hierarchy].[query_hour].&[2025-12-31T22:00:00]),([Measures].[m_subquery_count_sum],[Query_Hour].[Query_Hour Hierarchy].[query_hour].&[2025-12-31T21:00:00]),([Measures].[m_epoch_sql_wall_time_avg],[Query_Hour].[Query_Hour Hierarchy].[query_hour].&[2025-12-31T17:00:00]),([Measures].[m_epoch_sql_wall_time_avg],[Query_Hour].[Query_Hour Hierarchy].[query_hour].&[2025-12-31T04:00:00]),([Measures].[m_epoch_sql_wall_time_avg],[Query_Hour].[Query_Hour Hierarchy].[query_hour].&[2025-12-31T03:00:00]),([Measures].[m_epoch_sql_wall_time_avg],[Query_Hour].[Query_Hour Hierarchy].[query_hour].&[2025-12-30T22:00:00])} ON 0 FROM [Telemetry] CELL PROPERTIES VALUE, FORMAT_STRING, LANGUAGE, BACK_COLOR, FORE_COLOR, FONT_FLAGS"
2026-04-04-9C37A93B30,ats_connection,ats_connection,Query 21,eefb751a-8bc0-4f88-9263-e06226c2b375,xmla,SUCCEEDED,204,0,,1775273802779,323fa9c0f7d86cf5fe5b428cac979746414fe58f34dd1eeea6f49c53c85963a6,"SELECT {([Measures].[m_organization_id_distinct]),([Measures].[m_user_hash_distinct]),([Measures].[m_cube_name_distinct]),([Measures].[m_query_id_count]),([Measures].[m_epoch_sql_wall_time_avg])} ON 0 FROM [Telemetry] CELL PROPERTIES VALUE, FORMAT_STRING, LANGUAGE, BACK_COLOR, FORE_COLOR, FONT_FLAGS"
2026-04-04-9C37A93B30,ats_connection,ats_connection,Query 24,f670d2d2-ae91-4aed-bbc0-15371c77db73,xmla,SUCCEEDED,171,0,,1775273802877,c795b6d7414b7bbf464f82e7c22062323cc4380d0002fe25ce1bbdc02097e3d7,"SELECT {([Measures].[m_query_id_count])} ON 0 FROM [Telemetry] CELL PROPERTIES VALUE, FORMAT_STRING, LANGUAGE, BACK_COLOR, FORE_COLOR, FONT_FLAGS"
2026-04-04-9C37A93B30,ats_connection,ats_connection,Query 23,13e3e93e-2215-4417-8df5-59d67cd06699,xmla,SUCCEEDED,200,0,,1775273802877,a1e8fedf5f2ccf54d20395bdeb5b45261d8927a1123da76ed803f758ca983643,"SELECT {([Measures].[m_query_id_count]),([Measures].[m_epoch_sql_wall_time_avg]),([Measures].[m_organization_id_distinct]),([Measures].[m_user_hash_distinct]),([Measures].[m_cube_name_distinct])} ON 0 FROM [Telemetry] CELL PROPERTIES VALUE, FORMAT_STRING, LANGUAGE, BACK_COLOR, FORE_COLOR, FONT_FLAGS"
2026-04-04-9C37A93B30,ats_connection,ats_connection,Query 22,55b87d91-9b82-4b10-8374-d8059048d94d,xmla,SUCCEEDED,215,0,,1775273802891,2edff49fdbad8f73eef8589b47f0bf22cda767bb1434c81fb6c0c0e1b5670960,"SELECT {([Measures].[m_query_id_count]),([Measures].[m_epoch_sql_wall_time_avg]),([Measures].[m_organization_id_distinct]),([Measures].[m_cube_name_distinct]),([Measures].[cm_query_success_pct]),([Measures].[m_user_hash_distinct])} ON 0 FROM [Telemetry] CELL PROPERTIES VALUE, FORMAT_STRING, LANGUAGE, BACK_COLOR, FORE_COLOR, FONT_FLAGS"
2026-04-04-9C37A93B30,ats_connection,ats_connection,Query 25,d9063bd2-d5f7-4e9f-9a09-34ddb5b9591d,xmla,SUCCEEDED,233,0,,1775273803008,62f02bca4640d8afb95fc7173761014c4edbdcfa3c034c021eebfc43fa01f9de,"SELECT {([Measures].[m_query_id_count],[Query_Hour].[Query_Hour Hierarchy].[query_hour].&[2026-01-05T18:00:00]),([Measures].[m_query_id_count],[Query_Hour].[Query_Hour Hierarchy].[query_hour].&[2026-01-05T16:00:00]),([Measures].[m_query_id_count],[Query_Hour].[Query_Hour Hierarchy].[query_hour].&[2026-01-02T04:00:00]),([Measures].[m_query_id_count],[Query_Hour].[Query_Hour Hierarchy].[query_hour].&[2025-12-31T21:00:00]),([Measures].[m_query_id_count],[Query_Hour].[Query_Hour Hierarchy].[query_hour].&[2025-12-31T04:00:00]),([Measures].[m_query_id_count],[Query_Hour].[Query_Hour Hierarchy].[query_hour].&[2025-12-30T22:00:00]),([Measures].[m_query_id_count],[Query_Hour].[Query_Hour Hierarchy].[query_hour].&[2026-01-02T05:00:00]),([Measures].[m_query_id_count],[Query_Hour].[Query_Hour Hierarchy].[query_hour].&[2025-12-31T22:00:00]),([Measures].[m_query_id_count],[Query_Hour].[Query_Hour Hierarchy].[query_hour].&[2025-12-31T17:00:00]),([Measures].[m_query_id_count],[Query_Hour].[Query_Hour Hierarchy].[query_hour].&[2025-12-31T03:00:00])} ON 0 FROM [Telemetry] CELL PROPERTIES VALUE, FORMAT_STRING, LANGUAGE, BACK_COLOR, FORE_COLOR, FONT_FLAGS"
2026-04-04-9C37A93B30,ats_connection,ats_connection,Query 26,abb69867-86ea-4fac-9f2f-cbc91d09ea2f,xmla,SUCCEEDED,314,0,,1775273803099,bbd02cd1fc1067aa70fcdf4ffe3fc4067cb884450967aa43fbd60e4f7273244c,"SELECT {([Measures].[m_subquery_count_sum],[Query_Hour].[Query_Hour Hierarchy].[query_hour].&[2025-12-31T21:00:00]),([Measures].[m_subquery_count_sum],[Query_Hour].[Query_Hour Hierarchy].[query_hour].&[2026-01-05T16:00:00]),([Measures].[m_subquery_count_sum],[Query_Hour].[Query_Hour Hierarchy].[query_hour].&[2025-12-31T22:00:00]),([Measures].[m_subquery_count_sum],[Query_Hour].[Query_Hour Hierarchy].[query_hour].&[2026-01-05T18:00:00]),([Measures].[m_epoch_sql_wall_time_avg],[Query_Hour].[Query_Hour Hierarchy].[query_hour].&[2025-12-31T21:00:00]),([Measures].[m_epoch_sql_wall_time_avg],[Query_Hour].[Query_Hour Hierarchy].[query_hour].&[2025-12-31T17:00:00]),([Measures].[m_epoch_sql_wall_time_avg],[Query_Hour].[Query_Hour Hierarchy].[query_hour].&[2025-12-31T04:00:00]),([Measures].[m_epoch_sql_wall_time_avg],[Query_Hour].[Query_Hour Hierarchy].[query_hour].&[2025-12-31T03:00:00]),([Measures].[m_epoch_sql_wall_time_avg],[Query_Hour].[Query_Hour Hierarchy].[query_hour].&[2025-12-30T22:00:00]),([Measures].[m_epoch_sql_wall_time_avg],[Query_Hour].[Query_Hour Hierarchy].[query_hour].&[2026-01-05T18:00:00]),([Measures].[m_epoch_sql_wall_time_avg],[Query_Hour].[Query_Hour Hierarchy].[query_hour].&[2026-01-05T16:00:00]),([Measures].[m_epoch_sql_wall_time_avg],[Query_Hour].[Query_Hour Hierarchy].[query_hour].&[2026-01-02T05:00:00]),([Measures].[m_epoch_sql_wall_time_avg],[Query_Hour].[Query_Hour Hierarchy].[query_hour].&[2026-01-02T04:00:00]),([Measures].[m_epoch_sql_wall_time_avg],[Query_Hour].[Query_Hour Hierarchy].[query_hour].&[2025-12-31T22:00:00]),([Measures].[m_subquery_count_sum],[Query_Hour].[Query_Hour Hierarchy].[query_hour].&[2025-12-31T17:00:00]),([Measures].[m_subquery_count_sum],[Query_Hour].[Query_Hour Hierarchy].[query_hour].&[2025-12-31T03:00:00]),([Measures].[m_subquery_count_sum],[Query_Hour].[Query_Hour Hierarchy].[query_hour].&[2026-01-02T05:00:00]),([Measures].[m_subquery_count_sum],[Query_Hour].[Query_Hour Hierarchy].[query_hour].&[2026-01-02T04:00:00]),([Measures].[m_subquery_count_sum],[Query_Hour].[Query_Hour Hierarchy].[query_hour].&[2025-12-31T04:00:00]),([Measures].[m_subquery_count_sum],[Query_Hour].[Query_Hour Hierarchy].[query_hour].&[2025-12-30T22:00:00])} ON 0 FROM [Telemetry] CELL PROPERTIES VALUE, FORMAT_STRING, LANGUAGE, BACK_COLOR, FORE_COLOR, FONT_FLAGS"
2026-04-04-9C37A93B30,ats_connection,ats_connection,Query 27,8ab925b8-3387-4d0c-80a2-55ff7263d3b3,xmla,SUCCEEDED,310,0,,1775273803193,2638b1a1fd7ac31cebd119ea480e52dd6564404a8a2310e5b357dd9331ded9f1,"SELECT {([Measures].[m_subquery_count_sum],[Query_Hour].[Query_Hour Hierarchy].[query_hour].&[2026-01-02T04:00:00]),([Measures].[m_subquery_count_sum],[Query_Hour].[Query_Hour Hierarchy].[query_hour].&[2026-01-05T18:00:00]),([Measures].[m_epoch_sql_wall_time_avg],[Query_Hour].[Query_Hour Hierarchy].[query_hour].&[2025-12-31T17:00:00]),([Measures].[m_epoch_sql_wall_time_avg],[Query_Hour].[Query_Hour Hierarchy].[query_hour].&[2025-12-31T04:00:00]),([Measures].[m_epoch_sql_wall_time_avg],[Query_Hour].[Query_Hour Hierarchy].[query_hour].&[2025-12-31T03:00:00]),([Measures].[m_epoch_sql_wall_time_avg],[Query_Hour].[Query_Hour Hierarchy].[query_hour].&[2025-12-30T22:00:00]),([Measures].[m_epoch_sql_wall_time_avg],[Query_Hour].[Query_Hour Hierarchy].[query_hour].&[2026-01-05T16:00:00]),([Measures].[m_epoch_sql_wall_time_avg],[Query_Hour].[Query_Hour Hierarchy].[query_hour].&[2026-01-02T05:00:00]),([Measures].[m_epoch_sql_wall_time_avg],[Query_Hour].[Query_Hour Hierarchy].[query_hour].&[2026-01-02T04:00:00]),([Measures].[m_epoch_sql_wall_time_avg],[Query_Hour].[Query_Hour Hierarchy].[query_hour].&[2025-12-31T22:00:00]),([Measures].[m_epoch_sql_wall_time_avg],[Query_Hour].[Query_Hour Hierarchy].[query_hour].&[2025-12-31T21:00:00]),([Measures].[m_subquery_count_sum],[Query_Hour].[Query_Hour Hierarchy].[query_hour].&[2025-12-31T17:00:00]),([Measures].[m_subquery_count_sum],[Query_Hour].[Query_Hour Hierarchy].[query_hour].&[2025-12-31T03:00:00]),([Measures].[m_subquery_count_sum],[Query_Hour].[Query_Hour Hierarchy].[query_hour].&[2025-12-30T22:00:00]),([Measures].[m_epoch_sql_wall_time_avg],[Query_Hour].[Query_Hour Hierarchy].[query_hour].&[2026-01-05T18:00:00]),([Measures].[m_subquery_count_sum],[Query_Hour].[Query_Hour Hierarchy].[query_hour].&[2026-01-05T16:00:00]),([Measures].[m_subquery_count_sum],[Query_Hour].[Query_Hour Hierarchy].[query_hour].&[2026-01-02T05:00:00]),([Measures].[m_subquery_count_sum],[Query_Hour].[Query_Hour Hierarchy].[query_hour].&[2025-12-31T22:00:00]),([Measures].[m_subquery_count_sum],[Query_Hour].[Query_Hour Hierarchy].[query_hour].&[2025-12-31T21:00:00]),([Measures].[m_subquery_count_sum],[Query_Hour].[Query_Hour Hierarchy].[query_hour].&[2025-12-31T04:00:00])} ON 0 FROM [Telemetry] CELL PROPERTIES VALUE, FORMAT_STRING, LANGUAGE, BACK_COLOR, FORE_COLOR, FONT_FLAGS"
2026-04-04-9C37A93B30,ats_connection,ats_connection,Query 29,0496da69-7a79-4cfe-afeb-87c2d2175461,xmla,SUCCEEDED,316,0,,1775273803212,41140d9e07847645f47b087673f285e35256aecea5d34604790d4736939c3422,"SELECT {([Measures].[m_succeeded_count_sum],[Query_Hour].[Query_Hour Hierarchy].[query_hour].&[2026-01-05T18:00:00]),([Measures].[m_subquery_count_sum],[Query_Hour].[Query_Hour Hierarchy].[query_hour].&[2026-01-05T18:00:00]),([Measures].[m_failed_count_sum],[Query_Hour].[Query_Hour Hierarchy].[query_hour].&[2026-01-05T18:00:00]),([Measures].[m_succeeded_count_sum],[Query_Hour].[Query_Hour Hierarchy].[query_hour].&[2026-01-05T16:00:00]),([Measures].[m_subquery_count_sum],[Query_Hour].[Query_Hour Hierarchy].[query_hour].&[2026-01-05T16:00:00]),([Measures].[m_failed_count_sum],[Query_Hour].[Query_Hour Hierarchy].[query_hour].&[2026-01-05T16:00:00]),([Measures].[m_epoch_estimated_post_plan_time_sum],[Query_Hour].[Query_Hour Hierarchy].[query_hour].&[2026-01-02T05:00:00]),([Measures].[m_succeeded_count_sum],[Query_Hour].[Query_Hour Hierarchy].[query_hour].&[2026-01-02T05:00:00]),([Measures].[m_subquery_count_sum],[Query_Hour].[Query_Hour Hierarchy].[query_hour].&[2026-01-02T05:00:00]),([Measures].[m_failed_count_sum],[Query_Hour].[Query_Hour Hierarchy].[query_hour].&[2026-01-02T05:00:00]),([Measures].[m_succeeded_count_sum],[Query_Hour].[Query_Hour Hierarchy].[query_hour].&[2026-01-02T04:00:00]),([Measures].[m_subquery_count_sum],[Query_Hour].[Query_Hour Hierarchy].[query_hour].&[2026-01-02T04:00:00]),([Measures].[m_failed_count_sum],[Query_Hour].[Query_Hour Hierarchy].[query_hour].&[2026-01-02T04:00:00]),([Measures].[m_epoch_estimated_post_plan_time_sum],[Query_Hour].[Query_Hour Hierarchy].[query_hour].&[2025-12-31T22:00:00]),([Measures].[m_succeeded_count_sum],[Query_Hour].[Query_Hour Hierarchy].[query_hour].&[2025-12-31T22:00:00]),([Measures].[m_subquery_count_sum],[Query_Hour].[Query_Hour Hierarchy].[query_hour].&[2025-12-31T22:00:00]),([Measures].[m_failed_count_sum],[Query_Hour].[Query_Hour Hierarchy].[query_hour].&[2025-12-31T22:00:00]),([Measures].[m_succeeded_count_sum],[Query_Hour].[Query_Hour Hierarchy].[query_hour].&[2025-12-31T21:00:00]),([Measures].[m_subquery_count_sum],[Query_Hour].[Query_Hour Hierarchy].[query_hour].&[2025-12-31T21:00:00]),([Measures].[m_failed_count_sum],[Query_Hour].[Query_Hour Hierarchy].[query_hour].&[2025-12-31T21:00:00]),([Measures].[m_epoch_estimated_post_plan_time_sum],[Query_Hour].[Query_Hour Hierarchy].[query_hour].&[2026-01-05T18:00:00]),([Measures].[m_succeeded_count_sum],[Query_Hour].[Query_Hour Hierarchy].[query_hour].&[2025-12-31T17:00:00]),([Measures].[m_subquery_count_sum],[Query_Hour].[Query_Hour Hierarchy].[query_hour].&[2025-12-31T17:00:00]),([Measures].[m_failed_count_sum],[Query_Hour].[Query_Hour Hierarchy].[query_hour].&[2025-12-31T17:00:00]),([Measures].[m_succeeded_count_sum],[Query_Hour].[Query_Hour Hierarchy].[query_hour].&[2025-12-31T04:00:00]),([Measures].[m_subquery_count_sum],[Query_Hour].[Query_Hour Hierarchy].[query_hour].&[2025-12-31T04:00:00]),([Measures].[m_failed_count_sum],[Query_Hour].[Query_Hour Hierarchy].[query_hour].&[2025-12-31T04:00:00]),([Measures].[m_succeeded_count_sum],[Query_Hour].[Query_Hour Hierarchy].[query_hour].&[2025-12-31T03:00:00]),([Measures].[m_subquery_count_sum],[Query_Hour].[Query_Hour Hierarchy].[query_hour].&[2025-12-31T03:00:00]),([Measures].[m_failed_count_sum],[Query_Hour].[Query_Hour Hierarchy].[query_hour].&[2025-12-31T03:00:00]),([Measures].[m_epoch_estimated_post_plan_time_sum],[Query_Hour].[Query_Hour Hierarchy].[query_hour].&[2025-12-30T22:00:00]),([Measures].[m_subquery_count_sum],[Query_Hour].[Query_Hour Hierarchy].[query_hour].&[2025-12-30T22:00:00]),([Measures].[m_failed_count_sum],[Query_Hour].[Query_Hour Hierarchy].[query_hour].&[2025-12-30T22:00:00]),([Measures].[m_succeeded_count_sum],[Query_Hour].[Query_Hour Hierarchy].[query_hour].&[2025-12-30T22:00:00]),([Measures].[m_epoch_estimated_post_plan_time_sum],[Query_Hour].[Query_Hour Hierarchy].[query_hour].&[2025-12-31T21:00:00]),([Measures].[m_epoch_estimated_post_plan_time_sum],[Query_Hour].[Query_Hour Hierarchy].[query_hour].&[2026-01-05T16:00:00]),([Measures].[m_epoch_estimated_post_plan_time_sum],[Query_Hour].[Query_Hour Hierarchy].[query_hour].&[2025-12-31T04:00:00]),([Measures].[m_epoch_estimated_post_plan_time_sum],[Query_Hour].[Query_Hour Hierarchy].[query_hour].&[2026-01-02T04:00:00]),([Measures].[m_epoch_estimated_post_plan_time_sum],[Query_Hour].[Query_Hour Hierarchy].[query_hour].&[2025-12-31T17:00:00]),([Measures].[m_epoch_estimated_post_plan_time_sum],[Query_Hour].[Query_Hour Hierarchy].[query_hour].&[2025-12-31T03:00:00])} ON 0 FROM [Telemetry] CELL PROPERTIES VALUE, FORMAT_STRING, LANGUAGE, BACK_COLOR, FORE_COLOR, FONT_FLAGS"
2026-04-04-9C37A93B30,ats_connection,ats_connection,Query 28,62e39508-e7fd-4194-9b47-82dee62f677c,xmla,SUCCEEDED,329,0,,1775273803213,b8b2471370330a6b81de92fa79ca4aa4127b40d06451da4bb5074595a44c519b,"SELECT {([Measures].[m_succeeded_count_sum],[Query_Hour].[Query_Hour Hierarchy].[query_hour].&[2026-01-05T18:00:00]),([Measures].[m_subquery_count_sum],[Query_Hour].[Query_Hour Hierarchy].[query_hour].&[2026-01-05T18:00:00]),([Measures].[m_failed_count_sum],[Query_Hour].[Query_Hour Hierarchy].[query_hour].&[2026-01-05T18:00:00]),([Measures].[m_epoch_estimated_post_plan_time_sum],[Query_Hour].[Query_Hour Hierarchy].[query_hour].&[2025-12-31T17:00:00]),([Measures].[m_succeeded_count_sum],[Query_Hour].[Query_Hour Hierarchy].[query_hour].&[2025-12-31T17:00:00]),([Measures].[m_subquery_count_sum],[Query_Hour].[Query_Hour Hierarchy].[query_hour].&[2025-12-31T17:00:00]),([Measures].[m_failed_count_sum],[Query_Hour].[Query_Hour Hierarchy].[query_hour].&[2025-12-31T17:00:00]),([Measures].[m_succeeded_count_sum],[Query_Hour].[Query_Hour Hierarchy].[query_hour].&[2025-12-31T04:00:00]),([Measures].[m_succeeded_count_sum],[Query_Hour].[Query_Hour Hierarchy].[query_hour].&[2026-01-05T16:00:00]),([Measures].[m_subquery_count_sum],[Query_Hour].[Query_Hour Hierarchy].[query_hour].&[2026-01-05T16:00:00]),([Measures].[m_failed_count_sum],[Query_Hour].[Query_Hour Hierarchy].[query_hour].&[2026-01-05T16:00:00]),([Measures].[m_epoch_estimated_post_plan_time_sum],[Query_Hour].[Query_Hour Hierarchy].[query_hour].&[2026-01-02T05:00:00]),([Measures].[m_succeeded_count_sum],[Query_Hour].[Query_Hour Hierarchy].[query_hour].&[2026-01-02T05:00:00]),([Measures].[m_subquery_count_sum],[Query_Hour].[Query_Hour Hierarchy].[query_hour].&[2026-01-02T05:00:00]),([Measures].[m_failed_count_sum],[Query_Hour].[Query_Hour Hierarchy].[query_hour].&[2026-01-02T05:00:00]),([Measures].[m_succeeded_count_sum],[Query_Hour].[Query_Hour Hierarchy].[query_hour].&[2026-01-02T04:00:00]),([Measures].[m_subquery_count_sum],[Query_Hour].[Query_Hour Hierarchy].[query_hour].&[2026-01-02T04:00:00]),([Measures].[m_failed_count_sum],[Query_Hour].[Query_Hour Hierarchy].[query_hour].&[2026-01-02T04:00:00]),([Measures].[m_succeeded_count_sum],[Query_Hour].[Query_Hour Hierarchy].[query_hour].&[2025-12-31T22:00:00]),([Measures].[m_subquery_count_sum],[Query_Hour].[Query_Hour Hierarchy].[query_hour].&[2025-12-31T22:00:00]),([Measures].[m_failed_count_sum],[Query_Hour].[Query_Hour Hierarchy].[query_hour].&[2025-12-31T22:00:00]),([Measures].[m_succeeded_count_sum],[Query_Hour].[Query_Hour Hierarchy].[query_hour].&[2025-12-31T21:00:00]),([Measures].[m_subquery_count_sum],[Query_Hour].[Query_Hour Hierarchy].[query_hour].&[2025-12-31T21:00:00]),([Measures].[m_failed_count_sum],[Query_Hour].[Query_Hour Hierarchy].[query_hour].&[2025-12-31T21:00:00]),([Measures].[m_failed_count_sum],[Query_Hour].[Query_Hour Hierarchy].[query_hour].&[2025-12-31T04:00:00]),([Measures].[m_succeeded_count_sum],[Query_Hour].[Query_Hour Hierarchy].[query_hour].&[2025-12-31T03:00:00]),([Measures].[m_subquery_count_sum],[Query_Hour].[Query_Hour Hierarchy].[query_hour].&[2025-12-31T03:00:00]),([Measures].[m_succeeded_count_sum],[Query_Hour].[Query_Hour Hierarchy].[query_hour].&[2025-12-30T22:00:00]),([Measures].[m_subquery_count_sum],[Query_Hour].[Query_Hour Hierarchy].[query_hour].&[2025-12-30T22:00:00]),([Measures].[m_subquery_count_sum],[Query_Hour].[Query_Hour Hierarchy].[query_hour].&[2025-12-31T04:00:00]),([Measures].[m_failed_count_sum],[Query_Hour].[Query_Hour Hierarchy].[query_hour].&[2025-12-31T03:00:00]),([Measures].[m_failed_count_sum],[Query_Hour].[Query_Hour Hierarchy].[query_hour].&[2025-12-30T22:00:00]),([Measures].[m_epoch_estimated_post_plan_time_sum],[Query_Hour].[Query_Hour Hierarchy].[query_hour].&[2025-12-31T21:00:00]),([Measures].[m_epoch_estimated_post_plan_time_sum],[Query_Hour].[Query_Hour Hierarchy].[query_hour].&[2026-01-05T18:00:00]),([Measures].[m_epoch_estimated_post_plan_time_sum],[Query_Hour].[Query_Hour Hierarchy].[query_hour].&[2026-01-02T04:00:00]),([Measures].[m_epoch_estimated_post_plan_time_sum],[Query_Hour].[Query_Hour Hierarchy].[query_hour].&[2025-12-30T22:00:00]),([Measures].[m_epoch_estimated_post_plan_time_sum],[Query_Hour].[Query_Hour Hierarchy].[query_hour].&[2025-12-31T22:00:00]),([Measures].[m_epoch_estimated_post_plan_time_sum],[Query_Hour].[Query_Hour Hierarchy].[query_hour].&[2025-12-31T04:00:00]),([Measures].[m_epoch_estimated_post_plan_time_sum],[Query_Hour].[Query_Hour Hierarchy].[query_hour].&[2025-12-31T03:00:00]),([Measures].[m_epoch_estimated_post_plan_time_sum],[Query_Hour].[Query_Hour Hierarchy].[query_hour].&[2026-01-05T16:00:00])} ON 0 FROM [Telemetry] CELL PROPERTIES VALUE, FORMAT_STRING, LANGUAGE, BACK_COLOR, FORE_COLOR, FONT_FLAGS"
2026-04-04-9C37A93B30,ats_connection,ats_connection,Query 30,8eab7b74-786d-41bc-be7c-42d63b81334c,xmla,SUCCEEDED,227,0,,1775273803241,6fbc61efab8715b72852186fd9ffc7e710f70f3ef2b8c0d6d27549d66f2e3f23,SELECT {AddCalculatedMembers({[Query_Hour].[Query_Hour Hierarchy].[query_hour].Members})} DIMENSION PROPERTIES MEMBER_TYPE ON COLUMNS FROM [Telemetry] CELL PROPERTIES CELL_ORDINAL
2026-04-04-9C37A93B30,ats_connection,ats_connection,Query 31,f18e951e-e641-4ade-9687-c7171252715b,xmla,SUCCEEDED,193,0,,1775273803297,64bab3b52d0856e1a686954e5ddf38df6f00928c7bfae8755a2871560913fa58,"SELECT {HEAD([Query_Hour].[Query_Hour Hierarchy].Members,10)} ON 0 FROM [Telemetry] CELL PROPERTIES CELL_ORDINAL"
2026-04-04-9C37A93B30,ats_connection,ats_connection,Query 32,f7e2c851-57e7-40ea-9858-3f260fabfc39,xmla,SUCCEEDED,152,0,,1775273803351,98241daabb8beab105929ae0dbe4f1243ad17bc2feebec0b9887dc557694baed,"SELECT {HEAD([Query_Hour].[Query_Hour Hierarchy].[Query_Hour].Members,10)} ON 0 FROM [Telemetry] CELL PROPERTIES CELL_ORDINAL"
2026-04-04-9C37A93B30,ats_connection,ats_connection,Query 33,d66a9382-1d67-4031-9fca-43d6d3cfa9ec,xmla,SUCCEEDED,193,0,,1775273803411,0d95669369f6640eff7c9c6d3780ae28ec3f48c10ac16f9210ebf5be86cdce05,WITH MEMBER [Measures].[XL_SD] AS 'COUNT([Query_Hour].[Query_Hour Hierarchy].[Query_Hour].Members)' SELECT {[Measures].[XL_SD]} ON 0 FROM [Telemetry] CELL PROPERTIES VALUE
